"Conditions","Bedingungen"
"Rule conditions (leave blank to use only regular expression)","Regelbedingungen (leer lassen, um nur reguläre Ausdrücke zu verwenden)"
"Checklist","Checkliste"
"Duplicateinfo","Duplicateinfo"
"Store Id","Shop-ID"
"Category Path","Kategoriepfad"
"Category Id","Kategorie-ID"
"Current request path","Aktueller Anfragepfad"
"URL key","URL-Schlüssel"
"Root Catalog (ID: 1)","Root-Katalog (ID: 1)"
"(ID: %1)","(ID: %1)"
"Redirects","Weiterleitungen"
"Canonical rewrite","Canonical-Umschreibung"
"Cross-links","Cross-Links"
"Sitemap","Sitemap"
"Settings","Einstellungen"
"User manual","Benutzerhandbuch"
"Get support","Support erhalten"
"Add New Redirect","Neue Weiterleitung hinzufügen"
"Import/Export redirects","Weiterleitungen importieren/exportieren"
"Rewrite manager","Umschreibungs-Manager"
"Add rewrite","Umschreibung hinzufügen"
"Store group","Shop-Gruppe"
"Hreflang","Hreflang"
"Store","Shop"
"Add","Hinzufügen"
"(Id: %1)","(Id: %1)"
"Stores","Shops"
"button_label","button_label"
"Attribute","Attribut"
"Usage","Verwendung"
"Page type","Seitentyp"
"Remove parent category path","Übergeordneten Kategoriepfad entfernen"
"URL pattern","URL-Muster"
"Option","Option"
"Meta title","Meta-Titel"
"Meta keywords","Meta-Keywords"
"Meta description","Meta-Beschreibung"
"Title (H1)","Titel (H1)"
"SEO description","SEO-Beschreibung"
"Product short description","Produkt-Kurzbeschreibung"
"Product description","Produktbeschreibung"
"Add SEO Template","SEO-Vorlage hinzufügen"
"Home","Startseite"
"Go to Home Page","Zur Startseite"
"SEO","SEO"
"This row no longer exists.","Diese Zeile existiert nicht mehr."
"New canonical rewrite","Neue Canonical-Umschreibung"
"%1 item(s) was removed","%1 Element(e) wurde(n) entfernt"
"Please select item(s)","Bitte Element(e) auswählen"
"Edit canonical rewrite ID: %1","Canonical-Umschreibung bearbeiten ID: %1"
"Total of %1 record(s) were successfully disabled","Insgesamt %1 Datensatz/Datensätze wurden erfolgreich deaktiviert"
"Total of %1 record(s) were successfully enabled","Insgesamt %1 Datensatz/Datensätze wurden erfolgreich aktiviert"
"Row was saved.","Zeile wurde gespeichert."
"No data to save.","Keine Daten zum Speichern."
"SEO Checklist","SEO-Checkliste"
"Create a unique url key for all of your categories listed on this table. If the table is empty, this means that you do not have duplicate keys and can push the ""<a href=""%1"" target=""_blank"">Remove parent category path</a>"" button to change category urls.","Erstellen Sie einen eindeutigen URL-Schlüssel für alle in dieser Tabelle aufgeführten Kategorien. Wenn die Tabelle leer ist, bedeutet dies, dass keine doppelten Schlüssel vorhanden sind und Sie die Schaltfläche ""<a href=""%1"" target=""_blank"">Übergeordneten Kategoriepfad entfernen</a>"" verwenden können, um Kategorie-URLs zu ändern."
"Category duplicate urls","Doppelte Kategorie-URLs"
"Add redirect","Weiterleitung hinzufügen"
"Item was successfully deleted","Element wurde erfolgreich gelöscht"
"Edit redirect","Weiterleitung bearbeiten"
"The item does not exist.","Das Element existiert nicht."
"Total of %1 record(s) were successfully deleted","Insgesamt %1 Datensatz/Datensätze wurden erfolgreich gelöscht"
"Item was successfully saved","Element wurde erfolgreich gespeichert"
"Unable to find an item to save","Es konnte kein Element zum Speichern gefunden werden"
"There is no sample file for this entity.","Für diese Entität ist keine Beispieldatei vorhanden."
"%1 records were inserted or updated","%1 Datensätze wurden eingefügt oder aktualisiert"
"URLs have been processed.","URLs wurden verarbeitet."
"Something went wrong.","Es ist ein Fehler aufgetreten."
"Missing canonical URL.","Fehlende Canonical-URL."
"%1 canonical on the page.","%1 Canonical auf der Seite."
"Canonical created not using Mirasvit SEO extension.","Canonical wurde nicht mit der Mirasvit SEO-Erweiterung erstellt."
"There is no H1 tag on the page.","Es gibt kein H1-Tag auf der Seite."
"One H1 tag","Ein H1-Tag"
"%1 H1 tags.","%1 H1-Tags."
"Length = %1. Recommended length up to %2 characters.","Länge = %1. Empfohlene Länge bis %2 Zeichen."
"Meta title not defined.","Meta-Titel nicht definiert."
"Meta description not defined.","Meta-Beschreibung nicht definiert."
"Meta keywords not defined.","Meta-Keywords nicht definiert."
"Some alt tags are empty or missing.","Einige Alt-Tags sind leer oder fehlen."
"Total number of images","Gesamtanzahl der Bilder"
"Images without alt attribute","Bilder ohne Alt-Attribut"
"Images with empty alt attribute","Bilder mit leerem Alt-Attribut"
"%1 images with correct alt attribute.","%1 Bilder mit korrektem Alt-Attribut."
"Conditions combination","Bedingungskombination"
"Categories and layered navigation","Kategorien und Layered Navigation"
"Products","Produkte"
"Product attributes","Produktattribute"
"Products additional","Produkte zusätzlich"
"Attribute set","Attributset"
"Category","Kategorie"
"Created (days ago)","Erstellt (vor Tagen)"
"Updated (days ago)","Aktualisiert (vor Tagen)"
"Quantity","Menge"
"Price - Final Price","Preis - Endpreis"
"Percent Discount","Prozentualer Rabatt"
"Open Chooser","Auswahl öffnen"
"Disabled","Deaktiviert"
"Enabled for all websites","Für alle Websites aktiviert"
"Configure","Konfigurieren"
"Add automatically","Automatisch hinzufügen"
"Add all selected options","Alle ausgewählten Optionen hinzufügen"
"Add if only one option selected","Hinzufügen, wenn nur eine Option ausgewählt"
"Without filters","Ohne Filter"
"With all filters","Mit allen Filtern"
"Default","Standard"
"Parent product","Übergeordnetes Produkt"
"Use Robots meta header","Robots-Meta-Header verwenden"
"Enabled","Aktiviert"
"Enabled if cookie exist","Aktiviert, wenn Cookie vorhanden"
"Right","Rechts"
"Left","Links"
"Active","Aktiv"
"Inactive","Inaktiv"
"Don't change","Nicht ändern"
"NOINDEX, NOFOLLOW","NOINDEX, NOFOLLOW"
"NOINDEX, FOLLOW","NOINDEX, FOLLOW"
"INDEX, NOFOLLOW","INDEX, NOFOLLOW"
"INDEX, FOLLOW","INDEX, FOLLOW"
"Default first","Standard zuerst"
"Custom","Benutzerdefiniert"
"Brand only","Nur Marke"
"Category + Brand","Kategorie + Marke"
"Direct link","Direktlink"
"Shortest path","Kürzester Pfad"
"Longest path","Längster Pfad"
"Long","Lang"
"Short","Kurz"
"Include categories path to Product URLs","Kategoriepfad in Produkt-URLs einbeziehen"
"Don't include categories path to Product URLs","Kategoriepfad nicht in Produkt-URLs einbeziehen"
"301 Moved permanently","301 Dauerhaft verschoben"
"302 Object moved","302 Objekt verschoben"
"307 Temporary redirect","307 Temporäre Weiterleitung"
"Total number of products with reviews","Gesamtanzahl der Produkte mit Bewertungen"
"Total number of reviews","Gesamtanzahl der Bewertungen"
"Redirect to the same page with trailing slash","Zur gleichen Seite mit abschließendem Schrägstrich weiterleiten"
"Redirect to the same page without trailing slash","Zur gleichen Seite ohne abschließenden Schrägstrich weiterleiten"
"Parent category path has been removed.","Übergeordneter Kategoriepfad wurde entfernt."
"Alternate Settings","Alternate-Einstellungen"
"Alternate group","Alternate-Gruppe"
"Open Graph Image Url","Open-Graph-Bild-URL"
"Wrong Hreflang locale code value: ""%1"". Must use the <a target=""_blank"" href=""http://en.wikipedia.org/wiki/ISO_3166-1_alpha-2"">ISO 3166-1 Alpha 2 format</a>","Falscher Hreflang-Gebietsschema-Code: ""%1"". Es muss das <a target=""_blank"" href=""http://en.wikipedia.org/wiki/ISO_3166-1_alpha-2"">ISO 3166-1 Alpha 2-Format</a> verwendet werden"
"Template for URL key of Product Images","Vorlage für den URL-Schlüssel von Produktbildern"
"Template for Product Images Alt","Vorlage für Alt-Text von Produktbildern"
"Template for Product Images Title","Vorlage für Titel von Produktbildern"
"The store can't be indexed when closed to robots and crawlers.","Der Shop kann nicht indexiert werden, wenn er für Robots und Crawler gesperrt ist."
"The page needs to display a correct title and store description in search results.","Die Seite muss einen korrekten Titel und eine Shop-Beschreibung in den Suchergebnissen anzeigen."
"Unable to run test, the robots.txt file is empty","Test kann nicht ausgeführt werden, die robots.txt-Datei ist leer"
"Get a deeper understanding of your customers. Google Analytics gives you the free tools you need to analyze data for your business in one place.","Verstehen Sie Ihre Kunden besser. Google Analytics bietet Ihnen die kostenlosen Tools, die Sie benötigen, um Daten für Ihr Unternehmen an einem Ort zu analysieren."
"Please enable the Mirasvit_SeoSitemap module by running the following command: <pre>bin/magento module:enable Mirasvit_SeoSitemap</pre>","Bitte aktivieren Sie das Modul Mirasvit_SeoSitemap mit folgendem Befehl: <pre>bin/magento module:enable Mirasvit_SeoSitemap</pre>"
"Enhanced search results that provide additional information to searchers on the contents of a page. Google and other search engines use structured data, contained within the HTML, or Javascript of a webpage, to form these snippets.","Erweiterte Suchergebnisse, die Suchenden zusätzliche Informationen zum Inhalt einer Seite liefern. Google und andere Suchmaschinen verwenden strukturierte Daten im HTML oder JavaScript einer Webseite, um diese Snippets zu erstellen."
"Using product names or other variables as image filenames is more descriptive to search engines than using random characters or numbers.","Die Verwendung von Produktnamen oder anderen Variablen als Bilddateinamen ist für Suchmaschinen aussagekräftiger als die Verwendung zufälliger Zeichen oder Zahlen."
"Alt tags provide a text alternative for an image for search engines and those using screen readers to access a web page.","Alt-Tags bieten eine Textalternative für ein Bild für Suchmaschinen und Nutzer von Bildschirmleseprogrammen."
"When the ""Use meta tags from products if they are not empty"" option is set to ""Yes"", it will affect this template. Read more","Wenn die Option ""Meta-Tags von Produkten verwenden, wenn sie nicht leer sind"" auf ""Ja"" gesetzt ist, wirkt sich dies auf diese Vorlage aus. Mehr erfahren"
"When the ""Use meta tags from categories if they are not empty"" option is set to ""Yes"", it will affect this template. Read more","Wenn die Option ""Meta-Tags von Kategorien verwenden, wenn sie nicht leer sind"" auf ""Ja"" gesetzt ist, wirkt sich dies auf diese Vorlage aus. Mehr erfahren"
"Blog Data","Blog-Daten"
"Brand Data","Marken-Daten"
"Category Data","Kategoriedaten"
"CMS Page Data","CMS-Seitendaten"
"Filter Data","Filterdaten"
"Landing Page Data","Landing-Page-Daten"
"Current Page Data","Aktuelle Seitendaten"
"Pagination","Seitennavigation"
"Page %1","Seite %1"
"Product Data","Produktdaten"
"Store Data","Shop-Daten"
"Reversed by TrailingSlashService","Durch TrailingSlashService umgekehrt"
"Auto-generated by TrailingSlashService","Automatisch durch TrailingSlashService generiert"
"Product ID: %1 Store ID: %2 Url Key: %3","Produkt-ID: %1 Shop-ID: %2 URL-Schlüssel: %3"
"Already used url key","URL-Schlüssel bereits verwendet"
"Empty url key","Leerer URL-Schlüssel"
"Duplicate used url key","Doppelter URL-Schlüssel"
"Updated url key","Aktualisierter URL-Schlüssel"
"Edit","Bearbeiten"
"Delete","Löschen"
"Delete item?","Element löschen?"
"Back","Zurück"
"Are you sure you want to do this?","Sind Sie sicher, dass Sie dies tun möchten?"
"Reset","Zurücksetzen"
"Resets input fields values","Setzt die Werte der Eingabefelder zurück"
"Save and continue edit","Speichern und weiter bearbeiten"
"Save","Speichern"
"All store views","Alle Shop-Ansichten"
"Tests passed.","Tests bestanden."
"test(s) remaining","Test(s) verbleibend"
"Hint","Hinweis"
"Solution","Lösung"
"here","hier"
"Import redirects (.csv)","Weiterleitungen importieren (.csv)"
"Import redirects","Weiterleitungen importieren"
"Download example CSV file for redirect import","Beispiel-CSV-Datei für den Weiterleitungsimport herunterladen"
"Example of CSV file","Beispiel einer CSV-Datei"
"Export redirects (.csv)","Weiterleitungen exportieren (.csv)"
"Export redirects","Weiterleitungen exportieren"
"This operation can take a long time.","Dieser Vorgang kann lange dauern."
"All category URLs will be changed. This action cannot be undone. Do you want to confirm it?","Alle Kategorie-URLs werden geändert. Diese Aktion kann nicht rückgängig gemacht werden. Möchten Sie dies bestätigen?"
"Error during request.","Fehler bei der Anfrage."
"Error during removal of category path.","Fehler beim Entfernen des Kategoriepfads."
"Error during processing URLs.","Fehler bei der Verarbeitung von URLs."
"All URLs will be changed. This action cannot be undone. Do you want to confirm it?","Alle URLs werden geändert. Diese Aktion kann nicht rückgängig gemacht werden. Möchten Sie dies bestätigen?"
"Category image for %1","Kategoriebild für %1"
"Attention","Achtung"
"SEO general settings","Allgemeine SEO-Einstellungen"
"Canonical settings","Canonical-Einstellungen"
"Configure canonical URLs to prevent duplicate content issues and consolidate ranking signals.","Canonical-URLs konfigurieren, um Probleme mit doppeltem Inhalt zu vermeiden und Ranking-Signale zu konsolidieren."
"Common settings","Allgemeine Einstellungen"
"Control general canonical URL behavior across your store.","Allgemeines Canonical-URL-Verhalten im gesamten Shop steuern."
"Enable canonical URLs","Canonical-URLs aktivieren"
"Activate canonical URL generation to prevent duplicate content penalties and improve SEO ranking.","Canonical-URL-Generierung aktivieren, um Abstrafungen für doppelte Inhalte zu vermeiden und das SEO-Ranking zu verbessern."
"Don't use canonical URLs on pages","Canonical-URLs auf Seiten nicht verwenden"
"Specify URL patterns where canonical tags should be omitted (one URL per line).","URL-Muster angeben, bei denen Canonical-Tags weggelassen werden sollen (eine URL pro Zeile)."
"Add pagination to canonical URLs","Seitennavigation zu Canonical-URLs hinzufügen"
"When enabled, pagination parameters will be included in canonical URLs for paginated content.","Wenn aktiviert, werden Paginierungsparameter in Canonical-URLs für paginierte Inhalte einbezogen."
"Strip store codes from canonicals","Shop-Codes aus Canonicals entfernen"
"Strip store codes from canonical URLs for cleaner URL structure when using multiple store views.","Shop-Codes aus Canonical-URLs entfernen für eine sauberere URL-Struktur bei mehreren Shop-Ansichten."
"Cross-domain canonical URL","Domainübergreifende Canonical-URL"
"Configure canonical URLs to point to a preferred domain when content exists across multiple domains.","Canonical-URLs so konfigurieren, dass sie auf eine bevorzugte Domain verweisen, wenn Inhalte auf mehreren Domains vorhanden sind."
"HTTPS URLs for cross-domain canonical","HTTPS-URLs für domainübergreifende Canonical"
"Force HTTPS protocol in cross-domain canonical URLs for security and consistency.","HTTPS-Protokoll in domainübergreifenden Canonical-URLs für Sicherheit und Konsistenz erzwingen."
"Product page settings","Produktseiten-Einstellungen"
"Configure canonical URL behavior specifically for product pages.","Canonical-URL-Verhalten speziell für Produktseiten konfigurieren."
"Product canonical URL format","Canonical-URL-Format für Produkte"
"Choose between shortest/longest path format for product canonical URLs.","Zwischen dem kürzesten/längsten Pfadformat für Produkt-Canonical-URLs wählen."
"Canonical tag for child products","Canonical-Tag für untergeordnete Produkte"
"Define canonical URL behavior for child products within complex product types.","Canonical-URL-Verhalten für untergeordnete Produkte innerhalb komplexer Produkttypen definieren."
"Configurable product","Konfigurierbares Produkt"
"Set canonical tag behavior for simple products that are part of configurable products.","Canonical-Tag-Verhalten für einfache Produkte festlegen, die Teil konfigurierbarer Produkte sind."
"Grouped product","Gruppenprodukt"
"Set canonical tag behavior for simple products that are part of grouped products.","Canonical-Tag-Verhalten für einfache Produkte festlegen, die Teil von Gruppenprodukten sind."
"Bundle product","Bundle-Produkt"
"Set canonical tag behavior for simple products that are part of bundle products.","Canonical-Tag-Verhalten für einfache Produkte festlegen, die Teil von Bundle-Produkten sind."
"Category page settings","Kategorieseiten-Einstellungen"
"Configure canonical URL behavior specifically for category pages.","Canonical-URL-Verhalten speziell für Kategorieseiten konfigurieren."
"Canonical URL for filtered categories","Canonical-URL für gefilterte Kategorien"
"Define how canonical URLs should handle category pages with active filters.","Festlegen, wie Canonical-URLs mit Kategorieseiten mit aktiven Filtern umgehen sollen."
"Filter inclusion in canonical URL","Filtereinbeziehung in Canonical-URL"
"Configure which specific filters should be included in canonical URLs.","Festlegen, welche spezifischen Filter in Canonical-URLs einbezogen werden sollen."
"Enable link rel=""next/prev""","Link rel=""next/prev"" aktivieren"
"Implement pagination relationship tags to help search engines understand paginated content structure.","Paginierungsbeziehungs-Tags implementieren, damit Suchmaschinen die Struktur paginierter Inhalte verstehen."
"Meta Robots settings","Meta-Robots-Einstellungen"
"Control indexing and crawling behavior with Robots meta tags and headers.","Indexierungs- und Crawling-Verhalten mit Robots-Meta-Tags und -Headern steuern."
"Custom robots rules by URL pattern","Benutzerdefinierte Robots-Regeln nach URL-Muster"
"Configure custom Robots meta tag directives for specific URL patterns.","Benutzerdefinierte Robots-Meta-Tag-Direktiven für bestimmte URL-Muster konfigurieren."
"Robots meta header for HTTPS","Robots-Meta-Header für HTTPS"
"Configure X-Robots-Tag header behavior specifically for HTTPS pages.","X-Robots-Tag-Header-Verhalten speziell für HTTPS-Seiten konfigurieren."
"Alternate and hreflang settings","Alternate- und Hreflang-Einstellungen"
"Configure alternate language version indicators for international SEO optimization.","Alternate-Sprachversions-Indikatoren für internationale SEO-Optimierung konfigurieren."
"Enable alternate and hreflang links","Alternate- und Hreflang-Links aktivieren"
"Activate alternate language version tags to help search engines serve the correct language/regional version to users.","Alternate-Sprachversions-Tags aktivieren, damit Suchmaschinen Nutzern die richtige Sprach-/Regionalversion anzeigen."
"Manual alternate setting","Manuelle Alternate-Einstellung"
"Configure specific store relationships for hreflang tag generation.","Bestimmte Shop-Beziehungen für die Hreflang-Tag-Generierung konfigurieren."
"Hreflang x-default settings","Hreflang x-default-Einstellungen"
"Specify which store view should be used as the default language fallback.","Angeben, welche Shop-Ansicht als Standard-Sprachfallback verwendet werden soll."
"Hreflang locale code","Hreflang-Gebietsschema-Code"
"Override the default locale code used in hreflang attributes for this store view.","Den Standard-Gebietsschema-Code, der in Hreflang-Attributen für diese Shop-Ansicht verwendet wird, überschreiben."
"Hreflang x-default","Hreflang x-default"
"Designate this website as the default language version when appropriate.","Diese Website gegebenenfalls als Standard-Sprachversion festlegen."
"Add locale code to hreflang","Gebietsschema-Code zu Hreflang hinzufügen"
"Automatically append locale codes to hreflang attributes based on store locale settings.","Gebietsschema-Codes basierend auf den Shop-Gebietsschema-Einstellungen automatisch an Hreflang-Attribute anhängen."
"Simplify category alternate links","Kategoriale Alternate-Links vereinfachen"
"Remove extra parameters from category alternate URLs.","Zusätzliche Parameter aus Kategorie-Alternate-URLs entfernen."
"Include hreflang links in sitemap","Hreflang-Links in Sitemap einbeziehen"
"Add alternate language indicators to XML sitemaps for improved multi-language SEO.","Alternate-Sprachkennzeichen zu XML-Sitemaps hinzufügen für verbesserte mehrsprachige SEO."
"Manage URL redirects to maintain SEO value and improve user experience.","URL-Weiterleitungen verwalten, um SEO-Wert zu erhalten und die Benutzererfahrung zu verbessern."
"Trailing slash redirects","Weiterleitungen mit abschließendem Schrägstrich"
"Standardize URL format by enforcing consistent trailing slash usage across the site.","URL-Format standardisieren, indem eine konsistente Verwendung abschließender Schrägstriche auf der gesamten Website erzwungen wird."
"Process URLs","URLs verarbeiten"
"Apply the trailing slash setting to all existing URLs in the database.<br/>Save configuration before pushing the button.","Die Einstellung für abschließende Schrägstriche auf alle vorhandenen URLs in der Datenbank anwenden.<br/>Konfiguration speichern, bevor Sie die Schaltfläche betätigen."
"Redirect URLs to lowercase","URLs zu Kleinbuchstaben weiterleiten"
"Force lowercase URL format to prevent duplicate content from case variations.","Kleinbuchstaben-URL-Format erzwingen, um doppelte Inhalte durch Groß-/Kleinschreibungsvarianten zu verhindern."
"Page types allowed for lowercase redirects","Seitentypen für Kleinbuchstaben-Weiterleitungen erlaubt"
"Specify which page types should be included in lowercase redirection rules.","Angeben, welche Seitentypen in Kleinbuchstaben-Weiterleitungsregeln einbezogen werden sollen."
"SEO-friendly URL settings","SEO-freundliche URL-Einstellungen"
"Configure URL structure optimization for better search engine visibility.","URL-Strukturoptimierung für bessere Suchmaschinen-Sichtbarkeit konfigurieren."
"Create shorter category URLs","Kürzere Kategorie-URLs erstellen"
"Generate shorter, cleaner category URLs by eliminating parent category paths.","Kürzere, sauberere Kategorie-URLs generieren, indem übergeordnete Kategoriepfade entfernt werden."
"Apply the parent category path removal to all existing category URLs in the database.<br/>Save configuration before pushing the button.","Die Entfernung des übergeordneten Kategoriepfads auf alle vorhandenen Kategorie-URLs in der Datenbank anwenden.<br/>Konfiguration speichern, bevor Sie die Schaltfläche betätigen."
"Product","Produkt"
"URL key template","URL-Schlüssel-Vorlage"
"Define a structured template for automatic product URL key generation using product attributes.<br/><br/>Example:<br/><code>[product_name] [product_sku] [by {product_manufacturer}] [color {product_color}]</code><br/><br/>To apply for all products run in ssh:<br/><code>bin/magento mirasvit:seo:product-url-template --apply</code><br/><br/>Additional info:<br/><code>bin/magento mirasvit:seo:product-url-template</code>","Eine strukturierte Vorlage für die automatische Produkt-URL-Schlüssel-Generierung mithilfe von Produktattributen definieren.<br/><br/>Beispiel:<br/><code>[product_name] [product_sku] [by {product_manufacturer}] [color {product_color}]</code><br/><br/>Für alle Produkte anwenden, SSH-Befehl:<br/><code>bin/magento mirasvit:seo:product-url-template --apply</code><br/><br/>Weitere Informationen:<br/><code>bin/magento mirasvit:seo:product-url-template</code>"
"Function is disabled if current field is empty.","Funktion ist deaktiviert, wenn das aktuelle Feld leer ist."
"Use template for new product URLs","Vorlage für neue Produkt-URLs verwenden"
"Automatically generate URL keys based on the template when creating new products.","URL-Schlüssel beim Erstellen neuer Produkte automatisch anhand der Vorlage generieren."
"If enabled, the extension will overwrite the Magento native URL key <br/>","Wenn aktiviert, überschreibt die Erweiterung den nativen Magento-URL-Schlüssel <br/>"
"Update URLs on visibility change","URLs bei Sichtbarkeitsänderung aktualisieren"
"Regenerate URL keys when product visibility is updated to maintain consistency.","URL-Schlüssel neu generieren, wenn die Produktsichtbarkeit aktualisiert wird, um Konsistenz zu gewährleisten."
"SEO-friendly product image settings","SEO-freundliche Produktbild-Einstellungen"
"Optimize product image filenames and attributes for better image search visibility.","Produktbild-Dateinamen und -Attribute für bessere Bildsuch-Sichtbarkeit optimieren."
"Enable SEO-friendly image URLs","SEO-freundliche Bild-URLs aktivieren"
"Generate descriptive, keyword-rich image filenames for product images.<br><strong>Warning:</strong> This feature may cause significant performance issues when using remote storage (AWS S3, Azure Blob, etc.) due to additional API calls required to check file existence. For stores with remote storage, consider keeping this option disabled or expect increased page load times.","Beschreibende, keyword-reiche Bilddateinamen für Produktbilder generieren.<br><strong>Warnung:</strong> Diese Funktion kann bei der Verwendung von Remote-Speicher (AWS S3, Azure Blob usw.) erhebliche Leistungsprobleme verursachen, da zusätzliche API-Aufrufe zur Überprüfung der Dateiexistenz erforderlich sind. Für Shops mit Remote-Speicher sollten Sie diese Option deaktiviert lassen oder mit längeren Seitenladezeiten rechnen."
"Image name template","Bildnamen-Vorlage"
"Define the pattern for generating SEO-friendly image filenames using product attributes.<br/>If empty, [product_name] will be used.","Das Muster für die Generierung SEO-freundlicher Bilddateinamen mithilfe von Produktattributen definieren.<br/>Wenn leer, wird [product_name] verwendet."
"Autogenerate image alt and title","Bild-Alt und -Titel automatisch generieren"
"Automatically create descriptive alt and title attributes for product images.","Beschreibende Alt- und Titel-Attribute für Produktbilder automatisch erstellen."
"Image alt template","Bild-Alt-Vorlage"
"Define the pattern for generating image alt text using product attributes.","Das Muster für die Generierung von Bild-Alt-Text mithilfe von Produktattributen definieren."
"To get the value in the image template (usually image_with_borders.phtml), use $block->getLabel()","Um den Wert in der Bildvorlage (normalerweise image_with_borders.phtml) abzurufen, verwenden Sie $block->getLabel()"
"Image title template","Bildtitel-Vorlage"
"Define the pattern for generating image title attributes using product attributes.<br/>If empty, a value from the 'Image alt template' field will be used.","Das Muster für die Generierung von Bildtitel-Attributen mithilfe von Produktattributen definieren.<br/>Wenn leer, wird ein Wert aus dem Feld 'Bild-Alt-Vorlage' verwendet."
"To get the value in the image template (usually image_with_borders.phtml), use $block->getTitle()","Um den Wert in der Bildvorlage (normalerweise image_with_borders.phtml) abzurufen, verwenden Sie $block->getTitle()"
"Product breadcrumbs","Produkt-Breadcrumbs"
"Configure product page breadcrumb trail generation to improve navigation and SEO.","Breadcrumb-Generierung für Produktseiten konfigurieren, um Navigation und SEO zu verbessern."
"Appearance","Erscheinungsbild"
"Define when and how custom breadcrumb trails should appear on product pages.","Festlegen, wann und wie benutzerdefinierte Breadcrumb-Trails auf Produktseiten angezeigt werden sollen."
"Format","Format"
"Choose between shortest path (highest category level) or longest path (deepest category) for breadcrumb generation.","Zwischen dem kürzesten Pfad (höchste Kategorieebene) oder dem längsten Pfad (tiefste Kategorie) für die Breadcrumb-Generierung wählen."
"Include brand","Marke einbeziehen"
"Add the product's brand as a breadcrumb item in the navigation trail. The brand will appear as a clickable breadcrumb element before the product name.","Die Marke des Produkts als Breadcrumb-Element im Navigationspfad hinzufügen. Die Marke erscheint als anklickbares Breadcrumb-Element vor dem Produktnamen."
"Brand attribute","Marken-Attribut"
"Specify which product attribute contains brand information.","Angeben, welches Produktattribut Markeninformationen enthält."
"Brand format","Marken-Format"
"Choose how the brand breadcrumb item appears. ""Brand only"" shows just the brand name. ""Category + Brand"" shows the parent category name followed by the brand name in a single breadcrumb item.","Festlegen, wie das Marken-Breadcrumb-Element angezeigt wird. ""Nur Marke"" zeigt nur den Markennamen. ""Kategorie + Marke"" zeigt den übergeordneten Kategorienamen gefolgt vom Markennamen in einem einzigen Breadcrumb-Element."
"Alternate settings","Alternate-Einstellungen"
"Open Graph image URL","Open-Graph-Bild-URL"
"If empty Open Graph will use logo image URL","Wenn leer, verwendet Open Graph die Logo-Bild-URL"
"General information","Allgemeine Informationen"
"Is active","Ist aktiv"
"Canonical URL","Canonical-URL"
"Visible in store view","In Shop-Ansicht sichtbar"
"Check URL for regular expression","URL auf regulären Ausdruck prüfen"
"In this field use only regular expression. Leave blank to disable.<br/>For example: /orion-two-tone-fitted-jacket/<br/>If URL of the page matches this expression and other conditions are met, the rule will be applied.","In diesem Feld nur reguläre Ausdrücke verwenden. Leer lassen zum Deaktivieren.<br/>Beispiel: /orion-two-tone-fitted-jacket/<br/>Wenn die URL der Seite diesem Ausdruck entspricht und andere Bedingungen erfüllt sind, wird die Regel angewendet."
"Additional","Zusätzlich"
"Sort order","Sortierreihenfolge"
"Comments","Kommentare"
"Add canonical rewrite","Canonical-Umschreibung hinzufügen"
"Change status","Status ändern"
"Delete items","Elemente löschen"
"Are you sure you want to delete the selected items?","Sind Sie sicher, dass Sie die ausgewählten Elemente löschen möchten?"
"ID","ID"
"Regular expression","Regulärer Ausdruck"
"Status","Status"
"Store view","Shop-Ansicht"
"Request URL","Anfrage-URL"
"Target URL","Ziel-URL"
"Redirect type","Weiterleitungstyp"
"HTTP response status code that will be used when redirecting.","HTTP-Antwortstatuscode, der bei der Weiterleitung verwendet wird."
"Redirect only if the request URL can't be found (404)","Nur weiterleiten, wenn die Anfrage-URL nicht gefunden werden kann (404)"
"Request URL and Target URL cannot be the same.","Anfrage-URL und Ziel-URL dürfen nicht identisch sein."
"Target URL must be different from Request URL.","Die Ziel-URL muss sich von der Anfrage-URL unterscheiden."
"Auto-redirect for removed products","Automatische Weiterleitung für entfernte Produkte"
"Automatically redirect the URLs of disabled or deleted products to a relevant active destination instead of returning a 404. Targets resolve in priority order: the product's first active category, then the fallback URL, then the homepage. Generated rules appear in Marketing &#8594; SEO &#8594; Redirects and can be edited or removed.","Leitet die URLs deaktivierter oder gelöschter Produkte automatisch zu einem relevanten aktiven Ziel weiter, anstatt einen 404-Fehler zurückzugeben. Ziele werden in folgender Prioritätsreihenfolge aufgelöst: die erste aktive Kategorie des Produkts, dann die Fallback-URL und schließlich die Startseite. Generierte Regeln erscheinen unter Marketing &#8594; SEO &#8594; Redirects und können bearbeitet oder entfernt werden."
"Enable auto-redirect on disable","Automatische Weiterleitung beim Deaktivieren aktivieren"
"Generate a redirect when a product is set to Disabled. Re-enabling the product removes its auto-redirect.","Erstellt eine Weiterleitung, wenn ein Produkt auf Deaktiviert gesetzt wird. Beim erneuten Aktivieren des Produkts wird seine automatische Weiterleitung entfernt."
"Enable auto-redirect on delete","Automatische Weiterleitung beim Löschen aktivieren"
"Generate a redirect when a product is deleted, using the product URL captured at delete time.","Erstellt eine Weiterleitung beim Löschen eines Produkts unter Verwendung der zum Zeitpunkt des Löschens erfassten Produkt-URL."
"Fallback URL","Fallback-URL"
"Destination used when a removed product has no active category. Leave blank to fall through to the homepage.","Ziel, das verwendet wird, wenn ein entferntes Produkt keine aktive Kategorie hat. Leer lassen, um zur Startseite weiterzuleiten."
"301 preserves link equity (recommended); 302/307 are temporary.","301 erhält die Link-Equity (empfohlen); 302/307 sind temporär."
"Source","Quelle"
"Manual","Manuell"
"Auto","Automatisch"
"Auto-generated for removed product #%1","Automatisch generiert für entferntes Produkt #%1"
