"Conditions","Condizioni"
"Rule conditions (leave blank to use only regular expression)","Condizioni della regola (lasciare vuoto per usare solo espressione regolare)"
"Checklist","Checklist"
"Duplicateinfo","Info duplicati"
"Store Id","ID negozio"
"Category Path","Percorso categoria"
"Category Id","ID categoria"
"Current request path","Percorso richiesta corrente"
"URL key","Chiave URL"
"Root Catalog (ID: 1)","Catalogo radice (ID: 1)"
"(ID: %1)","(ID: %1)"
"Redirects","Reindirizzamenti"
"Canonical rewrite","Riscrittura canonical"
"Cross-links","Link incrociati"
"Sitemap","Mappa del sito"
"Settings","Impostazioni"
"User manual","Manuale utente"
"Get support","Ottieni supporto"
"Add New Redirect","Aggiungi nuovo reindirizzamento"
"Import/Export redirects","Importa/Esporta reindirizzamenti"
"Rewrite manager","Gestore riscritture"
"Add rewrite","Aggiungi riscrittura"
"Store group","Gruppo negozio"
"Hreflang","Hreflang"
"Store","Negozio"
"Add","Aggiungi"
"(Id: %1)","(Id: %1)"
"Stores","Negozi"
"button_label","button_label"
"Attribute","Attributo"
"Usage","Utilizzo"
"Page type","Tipo di pagina"
"Remove parent category path","Rimuovi percorso categoria padre"
"URL pattern","Pattern URL"
"Option","Opzione"
"Meta title","Meta titolo"
"Meta keywords","Meta parole chiave"
"Meta description","Meta descrizione"
"Title (H1)","Titolo (H1)"
"SEO description","Descrizione SEO"
"Product short description","Descrizione breve prodotto"
"Product description","Descrizione prodotto"
"Add SEO Template","Aggiungi template SEO"
"Home","Home"
"Go to Home Page","Vai alla pagina iniziale"
"SEO","SEO"
"This row no longer exists.","Questa riga non esiste più."
"New canonical rewrite","Nuova riscrittura canonical"
"%1 item(s) was removed","%1 elemento/i rimosso/i"
"Please select item(s)","Selezionare elemento/i"
"Edit canonical rewrite ID: %1","Modifica riscrittura canonical ID: %1"
"Total of %1 record(s) were successfully disabled","%1 record/s disabilitato/i con successo"
"Total of %1 record(s) were successfully enabled","%1 record/s abilitato/i con successo"
"Row was saved.","La riga è stata salvata."
"No data to save.","Nessun dato da salvare."
"SEO Checklist","Checklist SEO"
"Create a unique url key for all of your categories listed on this table. If the table is empty, this means that you do not have duplicate keys and can push the ""<a href=""%1"" target=""_blank"">Remove parent category path</a>"" button to change category urls.","Crea una chiave URL univoca per tutte le categorie elencate in questa tabella. Se la tabella è vuota, significa che non hai chiavi duplicate e puoi premere il pulsante ""<a href=""%1"" target=""_blank"">Rimuovi percorso categoria padre</a>"" per modificare gli URL delle categorie."
"Category duplicate urls","URL categorie duplicati"
"Add redirect","Aggiungi reindirizzamento"
"Item was successfully deleted","Elemento eliminato con successo"
"Edit redirect","Modifica reindirizzamento"
"The item does not exist.","L'elemento non esiste."
"Total of %1 record(s) were successfully deleted","%1 record/s eliminato/i con successo"
"Item was successfully saved","Elemento salvato con successo"
"Unable to find an item to save","Impossibile trovare un elemento da salvare"
"There is no sample file for this entity.","Non esiste un file di esempio per questa entità."
"%1 records were inserted or updated","%1 record inseriti o aggiornati"
"URLs have been processed.","Gli URL sono stati elaborati."
"Something went wrong.","Si è verificato un errore."
"Missing canonical URL.","URL canonical mancante."
"%1 canonical on the page.","%1 canonical nella pagina."
"Canonical created not using Mirasvit SEO extension.","Canonical creato senza utilizzare l'estensione Mirasvit SEO."
"There is no H1 tag on the page.","Non c'è alcun tag H1 nella pagina."
"One H1 tag","Un tag H1"
"%1 H1 tags.","%1 tag H1."
"Length = %1. Recommended length up to %2 characters.","Lunghezza = %1. Lunghezza consigliata fino a %2 caratteri."
"Meta title not defined.","Meta titolo non definito."
"Meta description not defined.","Meta descrizione non definita."
"Meta keywords not defined.","Meta parole chiave non definite."
"Some alt tags are empty or missing.","Alcuni tag alt sono vuoti o mancanti."
"Total number of images","Numero totale di immagini"
"Images without alt attribute","Immagini senza attributo alt"
"Images with empty alt attribute","Immagini con attributo alt vuoto"
"%1 images with correct alt attribute.","%1 immagini con attributo alt corretto."
"Conditions combination","Combinazione di condizioni"
"Categories and layered navigation","Categorie e navigazione a strati"
"Products","Prodotti"
"Product attributes","Attributi prodotto"
"Products additional","Prodotti aggiuntivi"
"Attribute set","Set di attributi"
"Category","Categoria"
"Created (days ago)","Creato (giorni fa)"
"Updated (days ago)","Aggiornato (giorni fa)"
"Quantity","Quantità"
"Price - Final Price","Prezzo - Prezzo finale"
"Percent Discount","Sconto percentuale"
"Open Chooser","Apri selettore"
"Disabled","Disabilitato"
"Enabled for all websites","Abilitato per tutti i siti web"
"Configure","Configura"
"Add automatically","Aggiungi automaticamente"
"Add all selected options","Aggiungi tutte le opzioni selezionate"
"Add if only one option selected","Aggiungi solo se è selezionata un'opzione"
"Without filters","Senza filtri"
"With all filters","Con tutti i filtri"
"Default","Predefinito"
"Parent product","Prodotto padre"
"Use Robots meta header","Usa intestazione meta Robots"
"Enabled","Abilitato"
"Enabled if cookie exist","Abilitato se esiste il cookie"
"Right","Destra"
"Left","Sinistra"
"Active","Attivo"
"Inactive","Inattivo"
"Don't change","Non modificare"
"NOINDEX, NOFOLLOW","NOINDEX, NOFOLLOW"
"NOINDEX, FOLLOW","NOINDEX, FOLLOW"
"INDEX, NOFOLLOW","INDEX, NOFOLLOW"
"INDEX, FOLLOW","INDEX, FOLLOW"
"Default first","Predefinito prima"
"Custom","Personalizzato"
"Brand only","Solo marca"
"Category + Brand","Categoria + Marca"
"Direct link","Link diretto"
"Shortest path","Percorso più breve"
"Longest path","Percorso più lungo"
"Long","Lungo"
"Short","Breve"
"Include categories path to Product URLs","Includi percorso categorie negli URL prodotto"
"Don't include categories path to Product URLs","Non includere percorso categorie negli URL prodotto"
"301 Moved permanently","301 Spostato permanentemente"
"302 Object moved","302 Oggetto spostato"
"307 Temporary redirect","307 Reindirizzamento temporaneo"
"Total number of products with reviews","Numero totale di prodotti con recensioni"
"Total number of reviews","Numero totale di recensioni"
"Redirect to the same page with trailing slash","Reindirizza alla stessa pagina con barra finale"
"Redirect to the same page without trailing slash","Reindirizza alla stessa pagina senza barra finale"
"Parent category path has been removed.","Il percorso della categoria padre è stato rimosso."
"Alternate Settings","Impostazioni alternative"
"Alternate group","Gruppo alternativo"
"Open Graph Image Url","URL immagine Open Graph"
"Wrong Hreflang locale code value: ""%1"". Must use the <a target=""_blank"" href=""http://en.wikipedia.org/wiki/ISO_3166-1_alpha-2"">ISO 3166-1 Alpha 2 format</a>","Valore del codice locale Hreflang errato: ""%1"". Deve utilizzare il <a target=""_blank"" href=""http://en.wikipedia.org/wiki/ISO_3166-1_alpha-2"">formato ISO 3166-1 Alpha 2</a>"
"Template for URL key of Product Images","Template per la chiave URL delle immagini prodotto"
"Template for Product Images Alt","Template per l'alt delle immagini prodotto"
"Template for Product Images Title","Template per il titolo delle immagini prodotto"
"The store can't be indexed when closed to robots and crawlers.","Il negozio non può essere indicizzato quando è chiuso ai robot e ai crawler."
"The page needs to display a correct title and store description in search results.","La pagina deve visualizzare un titolo corretto e la descrizione del negozio nei risultati di ricerca."
"Unable to run test, the robots.txt file is empty","Impossibile eseguire il test, il file robots.txt è vuoto"
"Get a deeper understanding of your customers. Google Analytics gives you the free tools you need to analyze data for your business in one place.","Ottieni una comprensione più profonda dei tuoi clienti. Google Analytics ti fornisce gli strumenti gratuiti per analizzare i dati della tua attività in un unico posto."
"Please enable the Mirasvit_SeoSitemap module by running the following command: <pre>bin/magento module:enable Mirasvit_SeoSitemap</pre>","Abilita il modulo Mirasvit_SeoSitemap eseguendo il seguente comando: <pre>bin/magento module:enable Mirasvit_SeoSitemap</pre>"
"Enhanced search results that provide additional information to searchers on the contents of a page. Google and other search engines use structured data, contained within the HTML, or Javascript of a webpage, to form these snippets.","Risultati di ricerca migliorati che forniscono informazioni aggiuntive agli utenti sui contenuti di una pagina. Google e altri motori di ricerca utilizzano dati strutturati, contenuti nell'HTML o nel Javascript di una pagina web, per formare questi snippet."
"Using product names or other variables as image filenames is more descriptive to search engines than using random characters or numbers.","Usare i nomi dei prodotti o altre variabili come nomi dei file immagine è più descrittivo per i motori di ricerca rispetto all'utilizzo di caratteri o numeri casuali."
"Alt tags provide a text alternative for an image for search engines and those using screen readers to access a web page.","I tag alt forniscono un'alternativa testuale a un'immagine per i motori di ricerca e per chi usa lettori di schermo per accedere a una pagina web."
"When the ""Use meta tags from products if they are not empty"" option is set to ""Yes"", it will affect this template. Read more","Quando l'opzione ""Usa meta tag dai prodotti se non sono vuoti"" è impostata su ""Sì"", influenzerà questo template. Leggi di più"
"When the ""Use meta tags from categories if they are not empty"" option is set to ""Yes"", it will affect this template. Read more","Quando l'opzione ""Usa meta tag dalle categorie se non sono vuoti"" è impostata su ""Sì"", influenzerà questo template. Leggi di più"
"Blog Data","Dati blog"
"Brand Data","Dati marca"
"Category Data","Dati categoria"
"CMS Page Data","Dati pagine CMS"
"Filter Data","Dati filtro"
"Landing Page Data","Dati landing page"
"Current Page Data","Dati pagina corrente"
"Pagination","Paginazione"
"Page %1","Pagina %1"
"Product Data","Dati prodotto"
"Store Data","Dati negozio"
"Reversed by TrailingSlashService","Invertito da TrailingSlashService"
"Auto-generated by TrailingSlashService","Generato automaticamente da TrailingSlashService"
"Product ID: %1 Store ID: %2 Url Key: %3","ID prodotto: %1 ID negozio: %2 Chiave URL: %3"
"Already used url key","Chiave URL già utilizzata"
"Empty url key","Chiave URL vuota"
"Duplicate used url key","Chiave URL duplicata"
"Updated url key","Chiave URL aggiornata"
"Edit","Modifica"
"Delete","Elimina"
"Delete item?","Eliminare l'elemento?"
"Back","Indietro"
"Are you sure you want to do this?","Sei sicuro di voler eseguire questa operazione?"
"Reset","Reimposta"
"Resets input fields values","Reimposta i valori dei campi di input"
"Save and continue edit","Salva e continua la modifica"
"Save","Salva"
"All store views","Tutte le viste del negozio"
"Tests passed.","Test superati."
"test(s) remaining","test rimanenti"
"Hint","Suggerimento"
"Solution","Soluzione"
"here","qui"
"Import redirects (.csv)","Importa reindirizzamenti (.csv)"
"Import redirects","Importa reindirizzamenti"
"Download example CSV file for redirect import","Scarica il file CSV di esempio per l'importazione dei reindirizzamenti"
"Example of CSV file","Esempio di file CSV"
"Export redirects (.csv)","Esporta reindirizzamenti (.csv)"
"Export redirects","Esporta reindirizzamenti"
"This operation can take a long time.","Questa operazione potrebbe richiedere molto tempo."
"All category URLs will be changed. This action cannot be undone. Do you want to confirm it?","Tutti gli URL delle categorie verranno modificati. Questa azione non può essere annullata. Vuoi confermarlo?"
"Error during request.","Errore durante la richiesta."
"Error during removal of category path.","Errore durante la rimozione del percorso categoria."
"Error during processing URLs.","Errore durante l'elaborazione degli URL."
"All URLs will be changed. This action cannot be undone. Do you want to confirm it?","Tutti gli URL verranno modificati. Questa azione non può essere annullata. Vuoi confermarlo?"
"Category image for %1","Immagine categoria per %1"
"Attention","Attenzione"
"SEO general settings","Impostazioni generali SEO"
"Canonical settings","Impostazioni canonical"
"Configure canonical URLs to prevent duplicate content issues and consolidate ranking signals.","Configura gli URL canonical per prevenire problemi di contenuto duplicato e consolidare i segnali di ranking."
"Common settings","Impostazioni comuni"
"Control general canonical URL behavior across your store.","Controlla il comportamento generale degli URL canonical nel tuo negozio."
"Enable canonical URLs","Abilita URL canonical"
"Activate canonical URL generation to prevent duplicate content penalties and improve SEO ranking.","Attiva la generazione di URL canonical per prevenire penalizzazioni da contenuto duplicato e migliorare il posizionamento SEO."
"Don't use canonical URLs on pages","Non usare URL canonical nelle pagine"
"Specify URL patterns where canonical tags should be omitted (one URL per line).","Specifica i pattern URL in cui i tag canonical devono essere omessi (un URL per riga)."
"Add pagination to canonical URLs","Aggiungi paginazione agli URL canonical"
"When enabled, pagination parameters will be included in canonical URLs for paginated content.","Quando abilitato, i parametri di paginazione verranno inclusi negli URL canonical per i contenuti paginati."
"Strip store codes from canonicals","Rimuovi i codici negozio dai canonical"
"Strip store codes from canonical URLs for cleaner URL structure when using multiple store views.","Rimuovi i codici negozio dagli URL canonical per una struttura URL più pulita quando si utilizzano più viste del negozio."
"Cross-domain canonical URL","URL canonical cross-domain"
"Configure canonical URLs to point to a preferred domain when content exists across multiple domains.","Configura gli URL canonical per puntare a un dominio preferito quando il contenuto esiste su più domini."
"HTTPS URLs for cross-domain canonical","URL HTTPS per canonical cross-domain"
"Force HTTPS protocol in cross-domain canonical URLs for security and consistency.","Forza il protocollo HTTPS negli URL canonical cross-domain per sicurezza e coerenza."
"Product page settings","Impostazioni pagina prodotto"
"Configure canonical URL behavior specifically for product pages.","Configura il comportamento degli URL canonical specificamente per le pagine prodotto."
"Product canonical URL format","Formato URL canonical prodotto"
"Choose between shortest/longest path format for product canonical URLs.","Scegli tra il formato percorso più breve o più lungo per gli URL canonical dei prodotti."
"Canonical tag for child products","Tag canonical per prodotti figlio"
"Define canonical URL behavior for child products within complex product types.","Definisci il comportamento degli URL canonical per i prodotti figlio all'interno di tipi di prodotto complessi."
"Configurable product","Prodotto configurabile"
"Set canonical tag behavior for simple products that are part of configurable products.","Imposta il comportamento del tag canonical per i prodotti semplici che fanno parte di prodotti configurabili."
"Grouped product","Prodotto raggruppato"
"Set canonical tag behavior for simple products that are part of grouped products.","Imposta il comportamento del tag canonical per i prodotti semplici che fanno parte di prodotti raggruppati."
"Bundle product","Prodotto bundle"
"Set canonical tag behavior for simple products that are part of bundle products.","Imposta il comportamento del tag canonical per i prodotti semplici che fanno parte di prodotti bundle."
"Category page settings","Impostazioni pagina categoria"
"Configure canonical URL behavior specifically for category pages.","Configura il comportamento degli URL canonical specificamente per le pagine categoria."
"Canonical URL for filtered categories","URL canonical per categorie filtrate"
"Define how canonical URLs should handle category pages with active filters.","Definisci come gli URL canonical devono gestire le pagine categoria con filtri attivi."
"Filter inclusion in canonical URL","Inclusione filtri nell'URL canonical"
"Configure which specific filters should be included in canonical URLs.","Configura quali filtri specifici devono essere inclusi negli URL canonical."
"Enable link rel=""next/prev""","Abilita link rel=""next/prev"""
"Implement pagination relationship tags to help search engines understand paginated content structure.","Implementa i tag di relazione di paginazione per aiutare i motori di ricerca a comprendere la struttura dei contenuti paginati."
"Meta Robots settings","Impostazioni Meta Robots"
"Control indexing and crawling behavior with Robots meta tags and headers.","Controlla il comportamento di indicizzazione e scansione con i meta tag e le intestazioni Robots."
"Custom robots rules by URL pattern","Regole robot personalizzate per pattern URL"
"Configure custom Robots meta tag directives for specific URL patterns.","Configura direttive personalizzate per i meta tag Robots per pattern URL specifici."
"Robots meta header for HTTPS","Intestazione meta Robots per HTTPS"
"Configure X-Robots-Tag header behavior specifically for HTTPS pages.","Configura il comportamento dell'intestazione X-Robots-Tag specificamente per le pagine HTTPS."
"Alternate and hreflang settings","Impostazioni alternative e hreflang"
"Configure alternate language version indicators for international SEO optimization.","Configura gli indicatori di versione in lingua alternativa per l'ottimizzazione SEO internazionale."
"Enable alternate and hreflang links","Abilita link alternativi e hreflang"
"Activate alternate language version tags to help search engines serve the correct language/regional version to users.","Attiva i tag di versione in lingua alternativa per aiutare i motori di ricerca a servire la versione corretta di lingua/regione agli utenti."
"Manual alternate setting","Impostazione alternativa manuale"
"Configure specific store relationships for hreflang tag generation.","Configura relazioni di negozio specifiche per la generazione dei tag hreflang."
"Hreflang x-default settings","Impostazioni hreflang x-default"
"Specify which store view should be used as the default language fallback.","Specifica quale vista del negozio deve essere utilizzata come fallback della lingua predefinita."
"Hreflang locale code","Codice locale Hreflang"
"Override the default locale code used in hreflang attributes for this store view.","Sostituisci il codice locale predefinito utilizzato negli attributi hreflang per questa vista del negozio."
"Hreflang x-default","Hreflang x-default"
"Designate this website as the default language version when appropriate.","Designa questo sito web come versione della lingua predefinita quando appropriato."
"Add locale code to hreflang","Aggiungi codice locale a hreflang"
"Automatically append locale codes to hreflang attributes based on store locale settings.","Aggiungi automaticamente i codici locale agli attributi hreflang in base alle impostazioni locali del negozio."
"Simplify category alternate links","Semplifica i link alternativi delle categorie"
"Remove extra parameters from category alternate URLs.","Rimuovi i parametri extra dagli URL alternativi delle categorie."
"Include hreflang links in sitemap","Includi link hreflang nella mappa del sito"
"Add alternate language indicators to XML sitemaps for improved multi-language SEO.","Aggiungi indicatori di lingua alternativa alle mappe del sito XML per un SEO multilingue migliorato."
"Manage URL redirects to maintain SEO value and improve user experience.","Gestisci i reindirizzamenti URL per mantenere il valore SEO e migliorare l'esperienza utente."
"Trailing slash redirects","Reindirizzamenti con barra finale"
"Standardize URL format by enforcing consistent trailing slash usage across the site.","Standardizza il formato URL applicando un utilizzo coerente della barra finale su tutto il sito."
"Process URLs","Elabora URL"
"Apply the trailing slash setting to all existing URLs in the database.<br/>Save configuration before pushing the button.","Applica l'impostazione della barra finale a tutti gli URL esistenti nel database.<br/>Salva la configurazione prima di premere il pulsante."
"Redirect URLs to lowercase","Reindirizza URL in minuscolo"
"Force lowercase URL format to prevent duplicate content from case variations.","Forza il formato URL in minuscolo per prevenire contenuti duplicati dalle variazioni di maiuscole/minuscole."
"Page types allowed for lowercase redirects","Tipi di pagina consentiti per i reindirizzamenti in minuscolo"
"Specify which page types should be included in lowercase redirection rules.","Specifica quali tipi di pagina devono essere inclusi nelle regole di reindirizzamento in minuscolo."
"SEO-friendly URL settings","Impostazioni URL SEO-friendly"
"Configure URL structure optimization for better search engine visibility.","Configura l'ottimizzazione della struttura URL per una migliore visibilità sui motori di ricerca."
"Create shorter category URLs","Crea URL categorie più brevi"
"Generate shorter, cleaner category URLs by eliminating parent category paths.","Genera URL di categoria più brevi e puliti eliminando i percorsi delle categorie padre."
"Apply the parent category path removal to all existing category URLs in the database.<br/>Save configuration before pushing the button.","Applica la rimozione del percorso della categoria padre a tutti gli URL di categoria esistenti nel database.<br/>Salva la configurazione prima di premere il pulsante."
"Product","Prodotto"
"URL key template","Template chiave URL"
"Define a structured template for automatic product URL key generation using product attributes.<br/><br/>Example:<br/><code>[product_name] [product_sku] [by {product_manufacturer}] [color {product_color}]</code><br/><br/>To apply for all products run in ssh:<br/><code>bin/magento mirasvit:seo:product-url-template --apply</code><br/><br/>Additional info:<br/><code>bin/magento mirasvit:seo:product-url-template</code>","Definisci un template strutturato per la generazione automatica della chiave URL del prodotto utilizzando gli attributi del prodotto.<br/><br/>Esempio:<br/><code>[product_name] [product_sku] [by {product_manufacturer}] [color {product_color}]</code><br/><br/>Per applicare a tutti i prodotti esegui via SSH:<br/><code>bin/magento mirasvit:seo:product-url-template --apply</code><br/><br/>Informazioni aggiuntive:<br/><code>bin/magento mirasvit:seo:product-url-template</code>"
"Function is disabled if current field is empty.","La funzione è disabilitata se il campo corrente è vuoto."
"Use template for new product URLs","Usa template per i nuovi URL prodotto"
"Automatically generate URL keys based on the template when creating new products.","Genera automaticamente le chiavi URL in base al template durante la creazione di nuovi prodotti."
"If enabled, the extension will overwrite the Magento native URL key <br/>","Se abilitato, l'estensione sovrascriverà la chiave URL nativa di Magento <br/>"
"Update URLs on visibility change","Aggiorna URL al cambio di visibilità"
"Regenerate URL keys when product visibility is updated to maintain consistency.","Rigenera le chiavi URL quando la visibilità del prodotto viene aggiornata per mantenere la coerenza."
"SEO-friendly product image settings","Impostazioni immagini prodotto SEO-friendly"
"Optimize product image filenames and attributes for better image search visibility.","Ottimizza i nomi file e gli attributi delle immagini prodotto per una migliore visibilità nella ricerca immagini."
"Enable SEO-friendly image URLs","Abilita URL immagine SEO-friendly"
"Generate descriptive, keyword-rich image filenames for product images.<br><strong>Warning:</strong> This feature may cause significant performance issues when using remote storage (AWS S3, Azure Blob, etc.) due to additional API calls required to check file existence. For stores with remote storage, consider keeping this option disabled or expect increased page load times.","Genera nomi file immagine descrittivi e ricchi di parole chiave per le immagini prodotto.<br><strong>Avvertenza:</strong> Questa funzione può causare problemi significativi di prestazioni quando si utilizza l'archiviazione remota (AWS S3, Azure Blob, ecc.) a causa delle chiamate API aggiuntive necessarie per verificare l'esistenza del file. Per i negozi con archiviazione remota, considera di mantenere questa opzione disabilitata o aspettati tempi di caricamento della pagina più lunghi."
"Image name template","Template nome immagine"
"Define the pattern for generating SEO-friendly image filenames using product attributes.<br/>If empty, [product_name] will be used.","Definisci il pattern per generare nomi file immagine SEO-friendly utilizzando gli attributi del prodotto.<br/>Se vuoto, verrà utilizzato [product_name]."
"Autogenerate image alt and title","Genera automaticamente alt e titolo immagine"
"Automatically create descriptive alt and title attributes for product images.","Crea automaticamente attributi alt e titolo descrittivi per le immagini prodotto."
"Image alt template","Template alt immagine"
"Define the pattern for generating image alt text using product attributes.","Definisci il pattern per generare il testo alt dell'immagine utilizzando gli attributi del prodotto."
"To get the value in the image template (usually image_with_borders.phtml), use $block->getLabel()","Per ottenere il valore nel template immagine (solitamente image_with_borders.phtml), usa $block->getLabel()"
"Image title template","Template titolo immagine"
"Define the pattern for generating image title attributes using product attributes.<br/>If empty, a value from the 'Image alt template' field will be used.","Definisci il pattern per generare gli attributi titolo dell'immagine utilizzando gli attributi del prodotto.<br/>Se vuoto, verrà utilizzato un valore dal campo 'Template alt immagine'."
"To get the value in the image template (usually image_with_borders.phtml), use $block->getTitle()","Per ottenere il valore nel template immagine (solitamente image_with_borders.phtml), usa $block->getTitle()"
"Product breadcrumbs","Breadcrumb prodotto"
"Configure product page breadcrumb trail generation to improve navigation and SEO.","Configura la generazione del percorso breadcrumb nelle pagine prodotto per migliorare la navigazione e il SEO."
"Appearance","Aspetto"
"Define when and how custom breadcrumb trails should appear on product pages.","Definisci quando e come i percorsi breadcrumb personalizzati devono apparire nelle pagine prodotto."
"Format","Formato"
"Choose between shortest path (highest category level) or longest path (deepest category) for breadcrumb generation.","Scegli tra percorso più breve (livello di categoria più alto) o percorso più lungo (categoria più profonda) per la generazione del breadcrumb."
"Include brand","Includi marca"
"Add the product's brand as a breadcrumb item in the navigation trail. The brand will appear as a clickable breadcrumb element before the product name.","Aggiungi la marca del prodotto come elemento breadcrumb nel percorso di navigazione. La marca apparirà come elemento breadcrumb cliccabile prima del nome del prodotto."
"Brand attribute","Attributo marca"
"Specify which product attribute contains brand information.","Specifica quale attributo del prodotto contiene le informazioni sulla marca."
"Brand format","Formato marca"
"Choose how the brand breadcrumb item appears. ""Brand only"" shows just the brand name. ""Category + Brand"" shows the parent category name followed by the brand name in a single breadcrumb item.","Scegli come appare l'elemento breadcrumb della marca. ""Solo marca"" mostra solo il nome della marca. ""Categoria + Marca"" mostra il nome della categoria padre seguito dal nome della marca in un singolo elemento breadcrumb."
"Alternate settings","Impostazioni alternative"
"Open Graph image URL","URL immagine Open Graph"
"If empty Open Graph will use logo image URL","Se vuoto, Open Graph utilizzerà l'URL dell'immagine del logo"
"General information","Informazioni generali"
"Is active","È attivo"
"Canonical URL","URL canonical"
"Visible in store view","Visibile nella vista del negozio"
"Check URL for regular expression","Controlla URL con espressione regolare"
"In this field use only regular expression. Leave blank to disable.<br/>For example: /orion-two-tone-fitted-jacket/<br/>If URL of the page matches this expression and other conditions are met, the rule will be applied.","In questo campo usa solo espressioni regolari. Lascia vuoto per disabilitare.<br/>Ad esempio: /orion-two-tone-fitted-jacket/<br/>Se l'URL della pagina corrisponde a questa espressione e altre condizioni sono soddisfatte, la regola verrà applicata."
"Additional","Aggiuntivo"
"Sort order","Ordinamento"
"Comments","Commenti"
"Add canonical rewrite","Aggiungi riscrittura canonical"
"Change status","Cambia stato"
"Delete items","Elimina elementi"
"Are you sure you want to delete the selected items?","Sei sicuro di voler eliminare gli elementi selezionati?"
"ID","ID"
"Regular expression","Espressione regolare"
"Status","Stato"
"Store view","Vista del negozio"
"Request URL","URL richiesta"
"Target URL","URL destinazione"
"Redirect type","Tipo di reindirizzamento"
"HTTP response status code that will be used when redirecting.","Codice di stato della risposta HTTP che verrà utilizzato durante il reindirizzamento."
"Redirect only if the request URL can't be found (404)","Reindirizza solo se l'URL richiesto non può essere trovato (404)"
"Request URL and Target URL cannot be the same.","L'URL richiesta e l'URL destinazione non possono essere uguali."
"Target URL must be different from Request URL.","L'URL destinazione deve essere diversa dall'URL richiesta."
"Auto-redirect for removed products","Reindirizzamento automatico per i prodotti rimossi"
"Automatically redirect the URLs of disabled or deleted products to a relevant active destination instead of returning a 404. Targets resolve in priority order: the product's first active category, then the fallback URL, then the homepage. Generated rules appear in Marketing &#8594; SEO &#8594; Redirects and can be edited or removed.","Reindirizza automaticamente gli URL dei prodotti disabilitati o eliminati verso una destinazione attiva pertinente invece di restituire un errore 404. Le destinazioni vengono risolte in ordine di priorità: la prima categoria attiva del prodotto, poi l'URL di riserva e infine la homepage. Le regole generate compaiono in Marketing &#8594; SEO &#8594; Redirects e possono essere modificate o rimosse."
"Enable auto-redirect on disable","Abilita il reindirizzamento automatico alla disabilitazione"
"Generate a redirect when a product is set to Disabled. Re-enabling the product removes its auto-redirect.","Genera un reindirizzamento quando un prodotto viene impostato su Disabilitato. La riabilitazione del prodotto rimuove il relativo reindirizzamento automatico."
"Enable auto-redirect on delete","Abilita il reindirizzamento automatico all'eliminazione"
"Generate a redirect when a product is deleted, using the product URL captured at delete time.","Genera un reindirizzamento quando un prodotto viene eliminato, utilizzando l'URL del prodotto acquisito al momento dell'eliminazione."
"Fallback URL","URL di riserva"
"Destination used when a removed product has no active category. Leave blank to fall through to the homepage.","Destinazione utilizzata quando un prodotto rimosso non ha alcuna categoria attiva. Lasciare vuoto per reindirizzare alla homepage."
"301 preserves link equity (recommended); 302/307 are temporary.","301 preserva il valore dei link (consigliato); 302/307 sono temporanei."
"Source","Origine"
"Manual","Manuale"
"Auto","Automatico"
"Auto-generated for removed product #%1","Generato automaticamente per il prodotto rimosso n. %1"
