"RMA Request","RMA Request"
Save,Save
"Save and Continue Edit","Save and Continue Edit"
"Credit Memo","Credit Memo"
Reorder,Reorder
"Edit Request","Edit Request"
"New Request","New Request"
"Status RMA","Status RMA"
"Return Shipping Label","Return Shipping Label"
Comment,Comment
"Order Information","Order Information"
"Customer Name","Customer Name"
Email,Email
"Store View","Store View"
"RMA Information","RMA Information"
Conversation,Conversation
Reply,Reply
Loading,Loading
"Order Increment ID","Order Increment ID"
"View Order","View Order"
Load,Load
Select,Select
"All Files","All Files"
"Add New Files","Add New Files"
"Order ID","Order ID"
"Increment ID","Increment ID"
"Customer Email","Customer Email"
"Grand Total (Base)","Grand Total (Base)"
"Grand Total (Purchased)","Grand Total (Purchased)"
Position,Position
"From: ","From: "
"All Store Views","All Store Views"
"Edit Rule '%1'","Edit Rule '%1'"
"New Rule","New Rule"
"Conditions (don't add conditions if rule is applied to all products)","Conditions (don't add conditions if rule is applied to all products)"
Conditions,Conditions
Condition,Condition
"General Information","General Information"
Name,Name
Status,Status
Description,Description
Website,Website
"Customer Group","Customer Group"
Priority,Priority
General,General
Reason,Reason
"There are no RMA reasons.","There are no RMA reasons."
Solution,Solution
"There are no RMA solutions.","There are no RMA solutions."
"Additional Information","Additional Information"
"There are no RMA additional information.","There are no RMA additional information."
"Rule Information","Rule Information"
"Edit Shipping Label '%1'","Edit Shipping Label '%1'"
"New Shipping Label","New Shipping Label"
"Return Address Conditions (Leave empty to apply for all request)","Return Address Conditions (Leave empty to apply for all request)"
"Return Shipping Address","Return Shipping Address"
"Store View(s)","Store View(s)"
Image,Image
"Barcode Value","Barcode Value"
Information,Information
"Show Default Template","Show Default Template"
"Default Template","Default Template"
"Default Label","Default Label"
"Default Shipping Label for All Store Views","Default Shipping Label for All Store Views"
"Store View Specific Labels","Store View Specific Labels"
Label,Label
"Shipping Label Information","Shipping Label Information"
"Edit Status '%1'","Edit Status '%1'"
"New Status","New Status"
"Enable Default Comment","Enable Default Comment"
"Default Comment","Default Comment"
"Default Comment for All Store Views","Default Comment for All Store Views"
"Store View Specific Comments","Store View Specific Comments"
Comment/Reply,Comment/Reply
"Status Name","Status Name"
Active,Active
"Select Allowed Action","Select Allowed Action"
"Default Status Label for All Store Views","Default Status Label for All Store Views"
"Status Information","Status Information"
Home,Home
"Go to Home Page","Go to Home Page"
Barcode,Barcode
"This request no longer exists.","This request no longer exists."
"The Request has been deleted.","The Request has been deleted."
"Manage Requests","Manage Requests"
"Manage RMA Request","Manage RMA Request"
"Please correct the data sent.","Please correct the data sent."
"Something went wrong while saving the Request.","Something went wrong while saving the Request."
"Requests has been deleted.","Requests has been deleted."
"Something went wrong while updating status for %1.","Something went wrong while updating status for %1."
"A total of %1 record(s) have been updated.","A total of %1 record(s) have been updated."
"You have entered invalid order increment ID.","You have entered invalid order increment ID."
"You cannot create return request for this Order.","You cannot create return request for this Order."
Guest,Guest
"This reply not found.","This reply not found."
"You have delete the reply.","You have delete the reply."
"Cannot find request reply data.","Cannot find request reply data."
"You have sent the reply","You have sent the reply"
"The request has been saved.","The request has been saved."
"This template no longer exists.","This template no longer exists."
"This template not found.","This template not found."
"The Template has been deleted.","The Template has been deleted."
"You have inserted reply template","You have inserted reply template"
"This template data not found.","This template data not found."
"You have saved the Template","You have saved the Template"
"This rule no longer exists.","This rule no longer exists."
"The Rule has been deleted.","The Rule has been deleted."
"Manage Rules","Manage Rules"
Rules,Rules
"Something went wrong while saving the Rule.","Something went wrong while saving the Rule."
"Rules has been deleted.","Rules has been deleted."
"The rule has been saved.","The rule has been saved."
"This shipping label no longer exists.","This shipping label no longer exists."
"The Shipping Label has been deleted.","The Shipping Label has been deleted."
"Manage Shipping Labels","Manage Shipping Labels"
"Manage RMA Shipping Label","Manage RMA Shipping Label"
"Something went wrong while saving the Shipping Label.","Something went wrong while saving the Shipping Label."
"Shipping Labels has been deleted.","Shipping Labels has been deleted."
"The shipping label has been saved.","The shipping label has been saved."
"This status no longer exists.","This status no longer exists."
"The Status has been deleted.","The Status has been deleted."
"Manage Statues","Manage Statues"
"Manage RMA Status","Manage RMA Status"
"Something went wrong while saving the Status.","Something went wrong while saving the Status."
"You can not disable the default status! %1.","You can not disable the default status! %1."
"Something went wrong while updating active for %1.","Something went wrong while updating active for %1."
"Statues has been deleted.","Statues has been deleted."
"You cannot delete this status.","You cannot delete this status."
"You can not disable the default status!","You can not disable the default status!"
"The status has been saved.","The status has been saved."
"My RMA Requests","My RMA Requests"
"This request not found","This request not found"
Customer,Customer
"Customer has been canceled this request.","Customer has been canceled this request."
"You have canceled this request","You have canceled this request"
"New RMA Request","New RMA Request"
"New RMA Request for Order # %1","New RMA Request for Order # %1"
"You entered incorrect data. Please try again.","You entered incorrect data. Please try again."
"You cannot create return request for this order.","You cannot create return request for this order."
"Cannot find this order.","Cannot find this order."
"Your request information is incorrect.","Your request information is incorrect."
"Your request information is not valid.","Your request information is not valid."
"Your request item quantity is not valid.","Your request item quantity is not valid."
"You have submitted the return request.","You have submitted the return request."
"Something went wrong while submitting the Request.","Something went wrong while submitting the Request."
"Page not found.","Page not found."
"File extension does not allowed.","File extension does not allowed."
"Make sure your file isn't more than %1M.","Make sure your file isn't more than %1M."
"added a private note, %1 (%2 at %3)","added a private note, %1 (%2 at %3)"
"replied, %1 (%2 at %3)","replied, %1 (%2 at %3)"
"just now","just now"
"in a few seconds","in a few seconds"
"%1 years ago","%1 years ago"
"%1 year ago","%1 year ago"
"%1 months ago","%1 months ago"
"%1 month ago","%1 month ago"
"%1 days ago","%1 days ago"
"%1 day ago","%1 day ago"
"%1 hours ago","%1 hours ago"
"%1 hour ago","%1 hour ago"
"%1 minutes ago","%1 minutes ago"
"%1 minute ago","%1 minute ago"
"%1 seconds ago","%1 seconds ago"
"-- Please select --","-- Please select --"
"%1 should be 0 or 1.","%1 should be 0 or 1."
"priority should be greater than 0.","priority should be greater than 0."
"%1 is invalid.","%1 is invalid."
"The upload file type should be an array","The upload file type should be an array"
"The file content must be valid base64 encoded data.","The file content must be valid base64 encoded data."
"The file size cannot more than 2MB.","The file size cannot more than 2MB."
"The file type is not allow.","The file type is not allow."
"Provided file name contains forbidden characters.","Provided file name contains forbidden characters."
"We couldn't move this file: %1.","We couldn't move this file: %1."
"Reply's File is not found.","Reply's File is not found."
"File is not found.","File is not found."
"Something went wrong while downloading the File.","Something went wrong while downloading the File."
"The entity that was requested doesn't exist. Verify the entity and try again.","The entity that was requested doesn't exist. Verify the entity and try again."
"The entity can't be deleted. %1","The entity can't be deleted. %1"
"Module is disabled.","Module is disabled."
"The entity can't be saved. %1","The entity can't be saved. %1"
"The entity that was requested doesn't exist. Verify the rule and try again.","The entity that was requested doesn't exist. Verify the rule and try again."
"%1 is required.","%1 is required."
"This product cannot return.","This product cannot return."
"qty_rma is invalid.","qty_rma is invalid."
"%1 is invalid","%1 is invalid"
"Not allow upload attachment.","Not allow upload attachment."
"Cannot edit request.","Cannot edit request."
"Not allow RMA Request","Not allow RMA Request"
"This request cannot be canceled.","This request cannot be canceled."
"The request has canceled.","The request has canceled."
"Cannot modify created at.","Cannot modify created at."
"This request ID does not belong to this customer.","This request ID does not belong to this customer."
"%1 should be %2 or %3","%1 should be %2 or %3"
"Email address is invalid.","Email address is invalid."
"ZIP Code","ZIP Code"
"All Items","All Items"
"Each Item","Each Item"
"RMA Increment ID","RMA Increment ID"
"-- Please Select --","-- Please Select --"
Logo,Logo
"Order Shipping Address","Order Shipping Address"
"Print Date","Print Date"
"Request Date","Request Date"
"Create New Credit Memo","Create New Credit Memo"
"Reorder (Replace return Product by create new order)","Reorder (Replace return Product by create new order)"
"Add Shipping Label","Add Shipping Label"
No,No
"Only request agent","Only request agent"
"All above address","All above address"
"Top Link","Top Link"
"Footer Link","Footer Link"
"RMA Request Page","RMA Request Page"
Text,Text
"Text Area","Text Area"
"Only ID","Only ID"
Custom,Custom
"Default Name","Default Name"
"Admin Argent Name","Admin Argent Name"
"Order Attribute","Order Attribute"
"Subtotal (Base)","Subtotal (Base)"
"Total Refunded (Base)","Total Refunded (Base)"
"Total Invoiced (Base)","Total Invoiced (Base)"
"Total Items Quantity","Total Items Quantity"
"Total Weight","Total Weight"
"Purchase Point","Purchase Point"
"Payment Method","Payment Method"
"Shipping Method","Shipping Method"
"Shipping Postcode","Shipping Postcode"
"Shipping Region","Shipping Region"
"Shipping State/Province","Shipping State/Province"
"Shipping Country","Shipping Country"
"Store Owner","Store Owner"
Pending,Pending
Processing,Processing
Rejected,Rejected
Completed,Completed
Canceled,Canceled
"Delete Requests","Delete Requests"
"Are you sure you want to delete selected Requests?","Are you sure you want to delete selected Requests?"
"Browse to find or drag file here","Browse to find or drag file here"
"There are no attached files in this request","There are no attached files in this request"
"Delete image","Delete image"
"Product Name","Product Name"
SKU,SKU
Price,Price
"Quantity returned","Quantity returned"
"Total amount returned","Total amount returned"
"Other Information","Other Information"
"(This product cannot return)","(This product cannot return)"
"There are no reasons.","There are no reasons."
"There are no solutions.","There are no solutions."
"There are no additional fields.","There are no additional fields."
"There are no return items in this request.","There are no return items in this request."
"Export to:","Export to:"
"records found","records found"
selected,selected
"per page","per page"
"Previous page","Previous page"
"of %1","of %1"
"Next page","Next page"
"Attach File","Attach File"
"Reply Template","Reply Template"
Attachment(s),Attachment(s)
"Send email to Customer","Send email to Customer"
"Visible on Frontend","Visible on Frontend"
Submit,Submit
"Load more","Load more"
"Add/Edit Reply Template","Add/Edit Reply Template"
Title,Title
Message,Message
"Add For Store","Add For Store"
Cancel,Cancel
"+ Create new","+ Create new"
Edit,Edit
Insert,Insert
"There are no templates.","There are no templates."
Type,Type
"Is require","Is require"
"Validation Class","Validation Class"
"Sort Order","Sort Order"
Delete,Delete
Add,Add
"There are no additional fields to edit.","There are no additional fields to edit."
"There are no reasons to edit.","There are no reasons to edit."
"There are no solutions to edit.","There are no solutions to edit."
Requests,Requests
"Request ID","Request ID"
"Request Status","Request Status"
"Created Date","Created Date"
"Updated Date","Updated Date"
Action,Action
"See Details","See Details"
"You have no RMA requests.","You have no RMA requests."
"Add New RMA Request","Add New RMA Request"
"Billing Last Name","Billing Last Name"
"Find Order By","Find Order By"
"Billing ZIP Code","Billing ZIP Code"
Continue,Continue
"There are no order to return.","There are no order to return."
"Attach File(s)","Attach File(s)"
"Not larger than %1MB","Not larger than %1MB"
"Browse Files...","Browse Files..."
Loading...,Loading...
"By clicking submit you agree to the Terms and Conditions","By clicking submit you agree to the Terms and Conditions"
Back,Back
Return,Return
Thumbnail,Thumbnail
Quantity,Quantity
"You cannot return products in this Order.","You cannot return products in this Order."
From,From
"Order ID: ","Order ID: "
"RMA ID: ","RMA ID: "
"Print Date: ","Print Date: "
"Request Date: ","Request Date: "
"Ship To","Ship To"
"Order Request Information","Order Request Information"
"Request ID: ","Request ID: "
"Order Increment ID: ","Order Increment ID: "
"Order Created Date: ","Order Created Date: "
"Email Address: ","Email Address: "
"Billing Zip/Postal Code: ","Billing Zip/Postal Code: "
"Phone Number: ","Phone Number: "
"Return Shipping Information","Return Shipping Information"
"Shipping Label: ","Shipping Label: "
"Shipping Address: ","Shipping Address: "
"Print Shipping Label","Print Shipping Label"
"There is no shipping label for this request","There is no shipping label for this request"
"Additional Field","Additional Field"
Qty,Qty
"There is no reason","There is no reason"
"There is no solution","There is no solution"
Content,Content
"The RMA Request","The RMA Request"
"has just been submitted!","has just been submitted!"
"Dear Admin","Dear Admin"
"To check and add additional comments, please login admin account, go to Sales > RMA > Manage RMA Request, and edit the current request","To check and add additional comments, please login admin account, go to Sales > RMA > Manage RMA Request, and edit the current request"
%request_content,%request_content
"Best regards,","Best regards,"
%date,%date
"This email has been generated by Mageplaza RMA. Have any questions or feedback?","This email has been generated by Mageplaza RMA. Have any questions or feedback?"
"Contact us","Contact us"
"The current RMA request","The current RMA request"
"has just been updated with changes!","has just been updated with changes!"
"Reply RMA request","Reply RMA request"
%customer_name,%customer_name
"Your RMA request","Your RMA request"
"has been updated","has been updated"
"To check the status of the request and add additional comments, follow the link here :","To check the status of the request and add additional comments, follow the link here :"
"Please select the order.","Please select the order."
"Please select the returned product.","Please select the returned product."
"Order Grid Form","Order Grid Form"
"Duplicate store view","Duplicate store view"
"Please enter the comments.","Please enter the comments."
"Do you want to cancel this request?","Do you want to cancel this request?"
RMA,RMA
Enable,Enable
"Show RMA for Guest","Show RMA for Guest"
"Customers who do not have account but have order completed still can request RMA.","Customers who do not have account but have order completed still can request RMA."
"Display RMA Request Link at","Display RMA Request Link at"
"RMA Policy Page","RMA Policy Page"
"Display RMA Policy Link on","Display RMA Policy Link on"
"RMA ID Increment Pattern","RMA ID Increment Pattern"
"RMA Name Pattern","RMA Name Pattern"
{{prefix}}-id-{{suffix}},{{prefix}}-id-{{suffix}}
"Name Prefix","Name Prefix"
"Name Suffix","Name Suffix"
"Request Configuration","Request Configuration"
"Allow RMA for Each Item of An Order","Allow RMA for Each Item of An Order"
"Allow Uploading Attachments","Allow Uploading Attachments"
"Allow File Formats","Allow File Formats"
"Separated by comma(,).","Separated by comma(,)."
"Google Recaptcha","Google Recaptcha"
"Please install <a href=""https://www.mageplaza.com/magento-2-google-recaptcha/"" target=""_blank"">Mageplaza Google Recaptcha</a>.","Please install <a href=""https://www.mageplaza.com/magento-2-google-recaptcha/"" target=""_blank"">Mageplaza Google Recaptcha</a>."
"Default Request Status","Default Request Status"
"The default status when customers have just submitted RMA requests.","The default status when customers have just submitted RMA requests."
"Customer can Cancel Request in Status","Customer can Cancel Request in Status"
"Customers are allowed to cancel RMA requests with the orders at the selected status above.","Customers are allowed to cancel RMA requests with the orders at the selected status above."
"Admin reply under Name","Admin reply under Name"
"Order Condition","Order Condition"
"Leave empty to apply for all Orders.","Leave empty to apply for all Orders."
"Additional Fields","Additional Fields"
"Email Configuration","Email Configuration"
"Install Mageplaza SMTP to avoid sending to spam box.","Install Mageplaza SMTP to avoid sending to spam box."
Sender,Sender
"Admin Email","Admin Email"
"Separated by comma(,). When the customer submits a RMA request, a notification email will be sent to the admin via this address.","Separated by comma(,). When the customer submits a RMA request, a notification email will be sent to the admin via this address."
"Notice Admin About A New Reply","Notice Admin About A New Reply"
"Notification Email Temple to Customers","Notification Email Temple to Customers"
"Notification Email Temple to Admins","Notification Email Temple to Admins"
"Notification New Request Email Temple to Admins","Notification New Request Email Temple to Admins"
ID,ID
Item(s),Item(s)
"Total Qty","Total Qty"
"Total Price","Total Price"
"Add Request","Add Request"
"Request Increment ID","Request Increment ID"
"Last responded by","Last responded by"
"Add Rule","Add Rule"
"All Websites","All Websites"
"All Customer Group","All Customer Group"
"Delete Rules","Delete Rules"
"Are you sure you wan't to delete selected Rules?","Are you sure you wan't to delete selected Rules?"
"Change Status","Change Status"
Yes,Yes
"Delete Shipping Labels","Delete Shipping Labels"
"Are you sure you wan't to delete selected Shipping Labels?","Are you sure you wan't to delete selected Shipping Labels?"
Disable,Disable
"Add Status","Add Status"
"Delete Statuses","Delete Statuses"
"Are you sure you wan't to delete selected Statuses?","Are you sure you wan't to delete selected Statuses?"
"Change Active","Change Active"
"Status Title","Status Title"
"RMA Terms And Conditions","RMA Terms And Conditions"
