"Page has links to broken page","Stránka obsahuje odkazy na nefunkční stránku"
"Internal outlinks to 4xx","Interní odchozí odkazy na 4xx"
"Page has links to broken resources","Stránka obsahuje odkazy na nefunkční zdroje"
"Linked broken resources","Propojené nefunkční zdroje"
"Redirects linked to the page","Přesměrování propojená se stránkou"
"200 page","Stránka 200"
"Status Code","Stavový kód"
"404 page","Stránka 404"
"4xx page","Stránka 4xx"
"H1 tag is missing or empty","Tag H1 chybí nebo je prázdný"
"H1 tag","Tag H1"
"Page has more than one H1 tag","Stránka má více než jeden tag H1"
"H1 tags","Tagy H1"
"Duplicate of meta description","Duplicitní meta popis"
"URLs with the same meta descriptions","URL adresy se stejnými meta popisy"
"The page doesn't have a meta description","Stránka nemá meta popis"
"No pages with the identical meta description found","Nenalezeny žádné stránky se shodným meta popisem"
"Empty meta description","Prázdný meta popis"
"Meta description too short","Meta popis je příliš krátký"
"Meta description too long","Meta popis je příliš dlouhý"
"Meta description length","Délka meta popisu"
"Meta description","Meta popis"
"Duplicate of meta title","Duplicitní meta titulek"
"URLs with the same meta titles","URL adresy se stejnými meta titulky"
"The page doesn't have a meta title","Stránka nemá meta titulek"
"No pages with the identical meta title found","Nenalezeny žádné stránky se shodným meta titulkem"
"Empty meta title","Prázdný meta titulek"
"Meta title too short","Meta titulek je příliš krátký"
"Meta title too long","Meta titulek je příliš dlouhý"
"Meta title length","Délka meta titulku"
"Meta title","Meta titulek"
"SEO audit disabled in configurations","SEO audit je zakázán v konfiguracích"
"This job no longer exists.","Tato úloha již neexistuje."
"Job #%1 - %2","Úloha #%1 - %2"
"SEO audit","SEO audit"
"See details","Zobrazit podrobnosti"
"Back to all jobs","Zpět na všechny úlohy"
"Back to all issues","Zpět na všechny problémy"
"See URL details","Zobrazit podrobnosti URL"
"URL","URL"
"Score","Skóre"
"Message","Zpráva"
"Checks","Kontroly"
"Health score","Skóre zdraví"
"Health score reflects the results of all checks performed on internal URLs of the website","Skóre zdraví odráží výsledky všech kontrol provedených na interních URL adresách webu"
"Issue distribution","Distribuce problémů"
"Issue Type","Typ problému"
"Count","Počet"
"Distribution","Distribuce"
"Error","Chyba"
"Warning","Varování"
"Notice","Upozornění"
"Error distribution","Distribuce chyb"
"Status","Stav"
"Description","Popis"
"Pages without errors","Stránky bez chyb"
"Pages with errors","Stránky s chybami"
"General settings","Obecná nastavení"
"Core configuration settings that control the SEO audit functionality.","Základní konfigurační nastavení, která řídí funkčnost SEO auditu."
"Enable SEO audit","Povolit SEO audit"
"When enabled, the module will perform scheduled SEO audits based on the configuration. Disabling will pause all automated audit functionality.","Pokud je povoleno, modul bude provádět naplánované SEO audity na základě konfigurace. Zakázání pozastaví veškerou automatizovanou funkci auditu."
"Issue","Problém"
"Crawled","Prohledáno"
"Errors","Chyby"
"Warnings","Varování"
"Notices","Upozornění"
"ID","ID"
"Date","Datum"
"Duration","Trvání"
"Total URLs crawled","Celkový počet prohledaných URL adres"
"Pages","Stránky"
"Resources","Zdroje"
"Resources with errors","Zdroje s chybami"
"Url details","Podrobnosti URL"
"Url","URL"
"Url score","Skóre URL"
"Linked pages","Propojené stránky"
"Linked resources","Propojené zdroje"
"Server load threshold (%)","Práh zatížení serveru (%)"
"The crawler pauses when CPU load exceeds this value. Default is 80. Lower this value on servers that are sensitive to load spikes.","Crawler se pozastaví, když zátěž CPU překročí tuto hodnotu. Výchozí hodnota je 80. Snižte ji na serverech citlivých na výkyvy zátěže."
"Crawl schedule","Plán procházení"
"Cron expression for how often the crawler runs. Default <code>*/30 * * * *</code> runs every 30 minutes. Use <code>0 2 * * *</code> to run once a day at 2 AM.","Výraz Cron pro frekvenci spouštění crawleru. Výchozí hodnota <code>*/30 * * * *</code> se spouští každých 30 minut. Použijte <code>0 2 * * *</code> pro spouštění jednou denně ve 2 hodiny."
"Crawl performance","Výkon procházení"
"Control how aggressively the SEO audit crawls your store. Lower intensity reduces server load at the cost of a longer crawl time.","Řídí intenzitu, se kterou SEO audit prochází váš obchod. Nižší intenzita snižuje zátěž serveru na úkor delší doby procházení."
"Crawl intensity","Intenzita procházení"
"Set the crawl intensity. Custom allows per-field configuration below.","Nastavte intenzitu procházení. Vlastní režim umožňuje konfiguraci jednotlivých polí níže."
"<b>High — intensive crawl</b>: no delay between requests, suitable for dedicated servers with spare capacity.<br/><b>Medium — default mode</b>: 200 ms delay, recommended for most stores.<br/><b>Low — soft crawl</b>: 500 ms delay, use on shared hosting or stores with limited resources.<br/><b>Custom — expert mode</b>: configure all crawl settings manually.","<b>Vysoká — intenzivní procházení</b>: žádné zpoždění mezi požadavky, vhodné pro dedikované servery s volnou kapacitou.<br/><b>Střední — výchozí režim</b>: zpoždění 200 ms, doporučeno pro většinu obchodů.<br/><b>Nízká — jemné procházení</b>: zpoždění 500 ms, pro sdílený hosting nebo obchody s omezenými zdroji.<br/><b>Vlastní — expertní režim</b>: ruční konfigurace všech nastavení procházení."
"High — intensive crawl","Vysoká — intenzivní procházení"
"Medium — default mode","Střední — výchozí režim"
"Low — soft crawl","Nízká — jemné procházení"
"Custom — expert mode","Vlastní — expertní režim"
"Custom intensity settings","Vlastní nastavení intenzity"
"Applies only when Crawl intensity is set to Custom.","Platí pouze tehdy, když je intenzita procházení nastavena na Vlastní."
"Delay between requests (ms)","Zpoždění mezi požadavky (ms)"
"Time to wait between consecutive URL requests. Set to <code>0</code> for no delay, <code>500</code> for half a second.","Čekací doba mezi po sobě jdoucími URL požadavky. Nastavte <code>0</code> pro žádné zpoždění, <code>500</code> pro půl sekundy."
"Delay in milliseconds inserted after each crawled URL. Reduces peak PHP-FPM concurrency on busy stores.","Zpoždění v milisekundách vložené po každé procházené URL. Snižuje špičkovou souběžnost PHP-FPM na vytížených obchodech."
"Maximum URLs per cron run","Maximální počet URL na spuštění Cron"
"The crawler also stops after 5 minutes regardless of this limit.","Crawler se zastaví také po 5 minutách bez ohledu na tento limit."
"Hard cap on the number of URLs crawled in a single cron run. Set to <code>0</code> for no limit (time-bound only).","Pevný limit počtu URL procházených v jednom spuštění Cron. Nastavte <code>0</code> pro žádný limit (pouze časově omezeno)."
"Exclude URL patterns","Vyloučit vzory URL"
"One path or substring per line. Any URL containing a listed pattern will be skipped. Example: <code>/checkout</code>, <code>/customer</code>, <code>/cdn-cgi/</code>, <code>facebook.com</code>.","Jedna cesta nebo podřetězec na řádek. Jakákoliv URL obsahující uvedený vzor bude přeskočena. Příklad: <code>/checkout</code>, <code>/customer</code>, <code>/cdn-cgi/</code>, <code>facebook.com</code>."
"Restart job after (days)","Restartovat úlohu po (dnech)"
"The audit job is force-restarted after this many days. Use this as a safety net for stores with more URLs than the crawler can process in one day.","Úloha auditu bude po tomto počtu dní vynuceně restartována. Použijte jako pojistku pro obchody s více URL, než crawler zvládne zpracovat za jeden den."
"Product page is missing Product schema (JSON-LD)","Na stránce produktu chybí schéma Product (JSON-LD)"
"Product schema","Schéma Product"
"Not applicable","Nepoužije se"
"Product schema found","Schéma Product nalezeno"
"Product schema not found","Schéma Product nenalezeno"
"This product page has no Product (or ProductGroup) JSON-LD — it will not be eligible for Google rich results","Tato stránka produktu neobsahuje JSON-LD typu Product (ani ProductGroup) — nebude způsobilá pro rozšířené výsledky Google"
"Schema (JSON-LD) is missing properties Google requires","Ve schématu (JSON-LD) chybí vlastnosti vyžadované Google"
"Schema quality","Kvalita schématu"
"No recognized schema on this page","Na této stránce nebylo rozpoznáno žádné schéma"
"All required properties present","Všechny povinné vlastnosti jsou přítomny"
"Some schema.org properties Google requires are missing or empty","Některé vlastnosti schema.org vyžadované Google chybí nebo jsou prázdné"
"Canonical tag is missing","Tag Canonical chybí"
"Canonical","Canonical"
"Page has thin content","Stránka má chudý obsah"
"Word count","Počet slov"
"%1 words","%1 slov"
"Visible page content looks thin — consider adding more unique, substantive copy","Viditelný obsah stránky se zdá být chudý — zvažte doplnění jedinečnějšího a obsažnějšího textu"
